barcode,is_cell,contig_id,high_confidence,length,chain,v_gene,d_gene,j_gene,c_gene,full_length,productive,cdr3,cdr3_nt,reads,umis,raw_clonotype_id,raw_consensus_id
AACACGTCATCCGGGT-1,true,AACACGTCATCCGGGT-1_contig_1,true,506,TRB,TRBV6-1,TRBD1,TRBJ2-3,TRBC2,true,true,CASMDRGRTDTQYF,TGTGCCAGCATGGACAGGGGGAGAACAGATACGCAGTATTTT,25940,3,clonotype22,clonotype22_consensus_1
AACACGTCATCCGGGT-1,true,AACACGTCATCCGGGT-1_contig_2,true,459,TRA,TRAV13-1,,TRAJ33,TRAC,true,true,CAASKGSNYQLIW,TGTGCAGCAAGTAAAGGTAGCAACTATCAGTTAATCTGG,33822,4,clonotype22,clonotype22_consensus_2
AAGGTTCCAAATTGCC-1,true,AAGGTTCCAAATTGCC-1_contig_1,true,517,TRB,TRBV28,,TRBJ1-5,TRBC1,true,true,CASSLGLVQPQHF,TGTGCCAGCAGTTTGGGATTGGTTCAGCCCCAGCATTTT,57780,12,clonotype1,clonotype1_consensus_1
AAGGTTCCAAATTGCC-1,true,AAGGTTCCAAATTGCC-1_contig_2,true,577,TRA,TRAV19,,TRAJ56,TRAC,true,true,CALSEAHSRTGANSKLTF,TGTGCTCTGAGTGAGGCCCACTCACGAACTGGAGCCAATAGTAAGCTGACATTT,17846,4,clonotype1,clonotype1_consensus_2
ACACCAAAGTTTCCTT-1,true,ACACCAAAGTTTCCTT-1_contig_1,true,490,TRB,TRBV5-6,,TRBJ1-1,TRBC1,true,true,CASSPLMRDTEAFF,TGTGCCAGCAGCCCACTTATGAGGGACACTGAAGCTTTCTTT,56952,12,clonotype18,clonotype18_consensus_1
ACCGTAAGTAGTAGTA-1,true,ACCGTAAGTAGTAGTA-1_contig_1,true,568,TRA,TRAV19,,TRAJ48,TRAC,true,true,CALSEADFGNEKLTF,TGTGCTCTGAGTGAGGCGGACTTTGGAAATGAGAAATTAACCTTT,17478,7,clonotype3,clonotype3_consensus_2
ACCGTAAGTAGTAGTA-1,true,ACCGTAAGTAGTAGTA-1_contig_2,true,478,TRB,TRBV28,,TRBJ1-1,TRBC1,true,true,CASSLGTVNTEAFF,TGTGCCAGCAGTTTAGGGACGGTGAACACTGAAGCTTTCTTT,20060,4,clonotype3,clonotype3_consensus_1
ACGGCCAAGTGTGGCA-1,true,ACGGCCAAGTGTGGCA-1_contig_1,true,503,TRA,TRAV25,,TRAJ38,TRAC,true,true,CAARRNNRKLIW,TGTGCAGCCCGCCGCAACAACCGTAAGCTGATTTGG,41360,7,clonotype8,clonotype8_consensus_2
ACGGCCAAGTGTGGCA-1,true,ACGGCCAAGTGTGGCA-1_contig_2,true,509,TRB,TRBV6-5,TRBD1,TRBJ2-1,TRBC2,true,true,CASGTGVNEQFF,TGTGCCAGCGGGACAGGGGTAAATGAGCAGTTCTTC,19970,3,clonotype8,clonotype8_consensus_1
ACTTGTTCAGCTCGCA-1,true,ACTTGTTCAGCTCGCA-1_contig_1,true,508,TRB,TRBV9,,TRBJ2-1,TRBC2,true,true,CASSSPILRGHSYNEQFF,TGTGCCAGCAGCTCTCCCATCCTCCGGGGCCACTCCTACAATGAGCAGTTCTTC,57378,9,clonotype45,clonotype45_consensus_1
ACTTTCAGTTAAGGGC-1,true,ACTTTCAGTTAAGGGC-1_contig_1,true,481,TRA,TRAV38-1,,TRAJ30,TRAC,true,true,CAFMKRVDDKIIF,TGTGCTTTCATGAAGCGGGTAGATGACAAGATCATCTTT,36930,5,clonotype35,clonotype35_consensus_1
AGAGCGATCACGATGT-1,true,AGAGCGATCACGATGT-1_contig_1,true,471,TRB,TRBV11-3,,TRBJ2-7,TRBC2,true,true,CASSSSVLSYEQYF,TGTGCCAGCAGCTCGAGCGTGCTATCCTACGAGCAGTACTTC,42030,8,clonotype32,clonotype32_consensus_1
AGAGCGATCACGATGT-1,true,AGAGCGATCACGATGT-1_contig_2,true,532,TRA,TRAV26-1,,TRAJ48,TRAC,true,true,CIVRALSNFGNEKLTF,TGCATCGTCAGAGCCCTTTCTAACTTTGGAAATGAGAAATTAACCTTT,35782,6,clonotype32,clonotype32_consensus_2
AGAGCGATCCAAGCCG-1,true,AGAGCGATCCAAGCCG-1_contig_1,true,502,TRA,TRAV17,,TRAJ34,TRAC,true,true,CATVPTDKLIF,TGTGCTACGGTGCCCACCGACAAGCTCATCTTT,42468,5,clonotype31,clonotype31_consensus_2
AGAGCGATCCAAGCCG-1,true,AGAGCGATCCAAGCCG-1_contig_2,true,472,TRB,TRBV28,,TRBJ1-1,TRBC1,true,true,CASSLFPHRGTEAFF,TGTGCCAGCAGTTTATTTCCACACCGGGGCACTGAAGCTTTCTTT,33526,5,clonotype31,clonotype31_consensus_1
AGATTGCGTCTGGTCG-1,true,AGATTGCGTCTGGTCG-1_contig_1,true,469,TRB,TRBV28,,TRBJ1-1,TRBC1,true,true,CASSLGTVNTEAFF,TGTGCCAGCAGTTTAGGGACGGTGAACACTGAAGCTTTCTTT,31536,6,clonotype3,clonotype3_consensus_1
AGATTGCGTCTGGTCG-1,true,AGATTGCGTCTGGTCG-1_contig_2,true,568,TRA,TRAV19,,TRAJ48,TRAC,true,true,CALSEADFGNEKLTF,TGTGCTCTGAGTGAGGCGGACTTTGGAAATGAGAAATTAACCTTT,19912,3,clonotype3,clonotype3_consensus_2
AGGCCACCACAAGCCC-1,true,AGGCCACCACAAGCCC-1_contig_1,true,466,TRB,TRBV28,,TRBJ1-5,TRBC1,true,true,CASSLGLVQPQHF,TGTGCCAGCAGTTTGGGATTGGTTCAGCCCCAGCATTTT,6166,3,clonotype1,clonotype1_consensus_1
AGGCCACCACAAGCCC-1,true,AGGCCACCACAAGCCC-1_contig_2,true,577,TRA,TRAV19,,TRAJ56,TRAC,true,true,CALSEAHSRTGANSKLTF,TGTGCTCTGAGTGAGGCCCACTCACGAACTGGAGCCAATAGTAAGCTGACATTT,57378,4,clonotype1,clonotype1_consensus_2
AGGTCCGGTCAAAGAT-1,true,AGGTCCGGTCAAAGAT-1_contig_1,true,472,TRA,TRAV10,,TRAJ43,TRAC,true,true,CVVSEGNDMRF,TGTGTGGTGAGCGAGGGCAATGACATGCGCTTT,34854,3,clonotype47,clonotype47_consensus_2
AGGTCCGGTCAAAGAT-1,true,AGGTCCGGTCAAAGAT-1_contig_2,true,495,TRB,TRBV4-3,,TRBJ2-3,TRBC2,true,true,CASSQASGRVGGTDTQYF,TGCGCCAGCAGCCAAGCTAGCGGGAGGGTTGGAGGCACAGATACGCAGTATTTT,25878,3,clonotype47,clonotype47_consensus_1
AGTAGTCCAATAAGCA-1,true,AGTAGTCCAATAAGCA-1_contig_1,true,500,TRA,TRAV17,,TRAJ54,TRAC,true,true,CATGGIQGAQKLVF,TGTGCTACGGGCGGAATTCAGGGAGCCCAGAAGCTGGTATTT,11794,1,clonotype44,clonotype44_consensus_2
AGTAGTCCAATAAGCA-1,true,AGTAGTCCAATAAGCA-1_contig_2,true,482,TRB,TRBV10-3,,TRBJ2-5,TRBC2,true,true,CAISAGGEFYPVETQYF,TGTGCCATCAGTGCCGGGGGGGAGTTTTACCCAGTGGAGACCCAGTACTTC,13986,3,clonotype44,clonotype44_consensus_1
AGTGGGATCAGCGATT-1,true,AGTGGGATCAGCGATT-1_contig_1,true,469,TRB,TRBV28,,TRBJ1-1,TRBC1,true,true,CASSLGTVNTEAFF,TGTGCCAGCAGTTTAGGGACGGTGAACACTGAAGCTTTCTTT,63950,12,clonotype3,clonotype3_consensus_1
AGTTGGTGTAAGTGGC-1,true,AGTTGGTGTAAGTGGC-1_contig_1,true,533,TRB,TRBV11-2,,TRBJ2-7,TRBC2,true,true,CASSLVSHGPIYEQYF,TGTGCCAGCAGCTTAGTCTCGCACGGACCTATCTACGAGCAGTACTTC,59500,11,clonotype42,clonotype42_consensus_1
AGTTGGTGTAAGTGGC-1,true,AGTTGGTGTAAGTGGC-1_contig_2,true,510,TRA,TRAV26-1,,TRAJ34,TRAC,true,true,CIVREYTDKLIF,TGCATCGTCAGAGAGTACACCGACAAGCTCATCTTT,14336,4,clonotype42,clonotype42_consensus_2
ATCCGAAGTATGAAAC-1,true,ATCCGAAGTATGAAAC-1_contig_1,true,704,TRA,TRAV8-3,,TRAJ43,TRAC,true,true,CAVGALNNNDMRF,TGTGCTGTGGGCGCCCTAAATAACAATGACATGCGCTTT,30222,7,clonotype2,clonotype2_consensus_3
ATCCGAAGTATGAAAC-1,true,ATCCGAAGTATGAAAC-1_contig_2,true,499,TRB,TRBV3-1,,TRBJ2-2,TRBC2,true,true,CASSQRAGAGGELFF,TGTGCCAGCAGCCAGAGAGCGGGGGCGGGCGGGGAGCTGTTTTTT,32740,3,clonotype2,clonotype2_consensus_2
ATCCGAAGTATGAAAC-1,true,ATCCGAAGTATGAAAC-1_contig_3,true,496,TRB,TRBV3-1,,TRBJ1-5,TRBC1,true,true,CASSQEGRNQPQHF,TGTGCCAGCAGCCAAGAAGGACGGAATCAGCCCCAGCATTTT,11928,1,clonotype2,clonotype2_consensus_1
ATCGAGTTCTGAGTGT-1,true,ATCGAGTTCTGAGTGT-1_contig_1,true,466,TRB,TRBV28,,TRBJ1-5,TRBC1,true,true,CASSLGLVQPQHF,TGTGCCAGCAGTTTGGGATTGGTTCAGCCCCAGCATTTT,60404,17,clonotype1,clonotype1_consensus_1
ATGAGGGAGAAGGACA-1,true,ATGAGGGAGAAGGACA-1_contig_1,true,488,TRB,TRBV11-2,,TRBJ1-5,TRBC1,true,true,CASSLSRDQPQHF,TGTGCCAGCAGCTTGAGCAGGGATCAGCCCCAGCATTTT,51936,42,clonotype25,clonotype25_consensus_1
ATGAGGGAGAAGGACA-1,true,ATGAGGGAGAAGGACA-1_contig_2,true,577,TRA,TRAV8-1,,TRAJ4,TRAC,true,true,CAVNVRGGGYNKLIF,TGTGCCGTGAATGTCCGAGGGGGTGGCTACAATAAGCTGATTTTT,2386,2,clonotype25,clonotype25_consensus_2
ATGGGAGTCTTTAGGG-1,true,ATGGGAGTCTTTAGGG-1_contig_1,true,719,TRA,TRAV8-3,,TRAJ43,TRAC,true,true,CAVGALNNNDMRF,TGTGCTGTGGGCGCCCTAAATAACAATGACATGCGCTTT,28562,4,clonotype2,clonotype2_consensus_3
ATGGGAGTCTTTAGGG-1,true,ATGGGAGTCTTTAGGG-1_contig_2,true,499,TRB,TRBV3-1,,TRBJ2-2,TRBC2,true,true,CASSQRAGAGGELFF,TGTGCCAGCAGCCAGAGAGCGGGGGCGGGCGGGGAGCTGTTTTTT,25294,4,clonotype2,clonotype2_consensus_2
ATTACTCCATCGACGC-1,true,ATTACTCCATCGACGC-1_contig_1,true,546,TRA,TRAV19,,TRAJ56,TRAC,true,true,CALSEAHSRTGANSKLTF,TGTGCTCTGAGTGAGGCCCACTCACGAACTGGAGCCAATAGTAAGCTGACATTT,24412,14,clonotype1,clonotype1_consensus_2
ATTACTCCATCGACGC-1,true,ATTACTCCATCGACGC-1_contig_2,true,466,TRB,TRBV28,,TRBJ1-5,TRBC1,true,true,CASSLGLVQPQHF,TGTGCCAGCAGTTTGGGATTGGTTCAGCCCCAGCATTTT,25344,15,clonotype1,clonotype1_consensus_1
ATTGGACTCTTGAGGT-1,true,ATTGGACTCTTGAGGT-1_contig_1,true,506,TRA,TRAV25,,TRAJ10,TRAC,true,true,CAGGAGGGNKLTF,TGTGCAGGGGGGGCGGGAGGAGGAAACAAACTCACCTTT,13128,3,clonotype12,clonotype12_consensus_2
ATTGGACTCTTGAGGT-1,true,ATTGGACTCTTGAGGT-1_contig_2,true,629,TRB,TRBV19,,TRBJ1-1,TRBC1,true,true,CASSITPNTEAFF,TGTGCCAGTAGTATAACTCCGAACACTGAAGCTTTCTTT,48416,11,clonotype12,clonotype12_consensus_1
ATTGGTGTCTGGGCCA-1,true,ATTGGTGTCTGGGCCA-1_contig_1,true,462,TRB,TRBV28,,TRBJ2-1,TRBC2,true,true,CASSSVYNEQFF,TGTGCCAGCAGTTCCGTTTACAATGAGCAGTTCTTC,62142,11,clonotype4,clonotype4_consensus_1
CACATAGCAGCGATCC-1,true,CACATAGCAGCGATCC-1_contig_1,true,626,TRA,TRAV8-3,,TRAJ43,TRAC,true,true,CAVGALNNNDMRF,TGTGCTGTGGGCGCCCTAAATAACAATGACATGCGCTTT,62556,4,clonotype2,clonotype2_consensus_3
CAGAGAGGTGCAACGA-1,true,CAGAGAGGTGCAACGA-1_contig_1,true,502,TRB,TRBV7-2,,TRBJ2-2,TRBC2,true,true,CASSVGLTNTGELFF,TGTGCCAGCAGCGTGGGACTGACGAACACCGGGGAGCTGTTTTTT,57268,32,clonotype38,clonotype38_consensus_1
CAGAGAGGTGCAACGA-1,true,CAGAGAGGTGCAACGA-1_contig_2,true,681,TRA,TRAV8-3,,TRAJ4,TRAC,true,true,CAVFLSGGYNKLIF,TGTGCTGTCTTTCTTTCTGGTGGCTACAATAAGCTGATTTTT,12120,5,clonotype38,clonotype38_consensus_2
CAGCAGCAGATCCGAG-1,true,CAGCAGCAGATCCGAG-1_contig_1,true,454,TRA,TRAV21,,TRAJ26,TRAC,true,true,CAVRQVDYGQNFVF,TGTGCTGTGAGGCAGGTCGACTATGGTCAGAATTTTGTCTTT,12478,1,clonotype24,clonotype24_consensus_2
CAGCAGCAGATCCGAG-1,true,CAGCAGCAGATCCGAG-1_contig_2,true,499,TRB,TRBV7-3,,TRBJ2-1,TRBC2,true,true,CASSLSGNNEQFF,TGTGCCAGCAGCTTAAGTGGAAACAATGAGCAGTTCTTC,41584,5,clonotype24,clonotype24_consensus_1
CAGTAACTCTTTCCTC-1,true,CAGTAACTCTTTCCTC-1_contig_1,true,495,TRB,TRBV6-6,TRBD1,TRBJ1-2,TRBC1,true,true,CASTSGAWAGGYTF,TGTGCCAGCACCTCCGGGGCATGGGCAGGTGGCTACACCTTC,54510,9,clonotype26,clonotype26_consensus_1
CAGTAACTCTTTCCTC-1,true,CAGTAACTCTTTCCTC-1_contig_2,true,571,TRA,TRAV29/DV5,,TRAJ57,TRAC,true,true,CAASPQGGSEKLVF,TGTGCAGCATCTCCTCAGGGCGGATCTGAAAAGCTGGTCTTT,13908,2,clonotype26,clonotype26_consensus_2
CATCAGAGTAAGTGGC-1,true,CATCAGAGTAAGTGGC-1_contig_1,true,499,TRB,TRBV3-1,,TRBJ2-2,TRBC2,true,true,CASSQRAGAGGELFF,TGTGCCAGCAGCCAGAGAGCGGGGGCGGGCGGGGAGCTGTTTTTT,14204,3,clonotype2,clonotype2_consensus_2
CATCAGAGTAAGTGGC-1,true,CATCAGAGTAAGTGGC-1_contig_2,true,591,TRA,TRAV8-3,,TRAJ43,TRAC,true,true,CAVGALNNNDMRF,TGTGCTGTGGGCGCCCTAAATAACAATGACATGCGCTTT,21704,2,clonotype2,clonotype2_consensus_3
CATTATCGTATATGGA-1,true,CATTATCGTATATGGA-1_contig_1,true,466,TRB,TRBV28,,TRBJ1-5,TRBC1,true,true,CASSLGLVQPQHF,TGTGCCAGCAGTTTGGGATTGGTTCAGCCCCAGCATTTT,70312,10,clonotype1,clonotype1_consensus_1
CCACTACAGAGTAATC-1,true,CCACTACAGAGTAATC-1_contig_1,true,573,TRA,TRAV8-4,,TRAJ12,TRAC,true,true,CAVSDPMDSSYKLIF,TGTGCTGTGAGTGACCCGATGGATAGCAGCTATAAATTGATCTTC,22880,6,clonotype33,clonotype33_consensus_2
CCACTACAGAGTAATC-1,true,CCACTACAGAGTAATC-1_contig_2,true,660,TRB,TRBV19,,TRBJ1-5,TRBC1,true,true,CASSTDREGNQPQHF,TGTGCCAGTAGTACCGACAGGGAGGGCAATCAGCCCCAGCATTTT,30402,8,clonotype33,clonotype33_consensus_1
CCCTCCTTCTTGCAAG-1,true,CCCTCCTTCTTGCAAG-1_contig_1,true,498,TRB,TRBV14,,TRBJ2-1,TRBC2,true,true,CASSQVGMNEQFF,TGTGCCAGCAGCCAAGTGGGAATGAATGAGCAGTTCTTC,60882,16,clonotype19,clonotype19_consensus_1
CCCTCCTTCTTGCAAG-1,true,CCCTCCTTCTTGCAAG-1_contig_2,true,545,TRA,TRAV26-1,,TRAJ31,TRAC,true,true,CIVRTRNNNARLMF,TGCATCGTCAGGACTCGGAATAACAATGCCAGACTCATGTTT,6224,6,clonotype19,clonotype19_consensus_2
CCTAGCTCATTTCACT-1,true,CCTAGCTCATTTCACT-1_contig_1,true,508,TRA,TRAV17,,TRAJ6,TRAC,true,true,CAGSSGGSYIPTF,TGTGCTGGTTCATCAGGAGGAAGCTACATACCTACATTT,20390,12,clonotype23,clonotype23_consensus_2
CCTAGCTCATTTCACT-1,true,CCTAGCTCATTTCACT-1_contig_2,true,473,TRB,TRBV10-3,,TRBJ2-1,TRBC2,true,true,CAISEIAGNNEQFF,TGTGCCATCAGTGAAATAGCCGGGAACAATGAGCAGTTCTTC,56146,39,clonotype23,clonotype23_consensus_1
CGAGCACTCGGCTACG-1,true,CGAGCACTCGGCTACG-1_contig_1,true,507,TRB,TRBV7-8,TRBD1,TRBJ2-2,TRBC2,true,true,CASSLDRGSTGELFF,TGTGCCAGCAGCTTAGACAGGGGGAGCACCGGGGAGCTGTTTTTT,56976,19,clonotype37,clonotype37_consensus_1
CGAGCACTCGGCTACG-1,true,CGAGCACTCGGCTACG-1_contig_2,true,511,TRA,TRAV21,,TRAJ33,TRAC,true,true,CAVSPRLHQLIW,TGTGCTGTGAGCCCCCGCCTCCATCAGTTAATCTGG,20490,5,clonotype37,clonotype37_consensus_2
CGATCGGTCCACTCCA-1,true,CGATCGGTCCACTCCA-1_contig_1,true,509,TRB,TRBV6-5,TRBD1,TRBJ2-1,TRBC2,true,true,CASGTGVNEQFF,TGTGCCAGCGGGACAGGGGTAAATGAGCAGTTCTTC,43278,3,clonotype5,clonotype5_consensus_1
CGATCGGTCCACTCCA-1,true,CGATCGGTCCACTCCA-1_contig_2,true,568,TRA,TRAV19,,TRAJ48,TRAC,true,true,CALSEAGFGNEKLTF,TGTGCTCTGAGTGAGGCGGGCTTTGGAAATGAGAAATTAACCTTT,35006,2,clonotype5,clonotype5_consensus_2
CGCGGTAGTAGCGCAA-1,true,CGCGGTAGTAGCGCAA-1_contig_1,true,588,TRB,TRBV28,,TRBJ1-1,TRBC1,true,true,CASSLGTVNTEAFF,TGTGCCAGCAGTTTAGGGACGGTGAACACTGAAGCTTTCTTT,58464,10,clonotype3,clonotype3_consensus_1
CGCTTCACATTGGGCC-1,true,CGCTTCACATTGGGCC-1_contig_1,true,493,TRB,TRBV9,TRBD1,TRBJ2-7,TRBC2,true,true,CASSAQGAYEQYF,TGTGCCAGCAGCGCCCAGGGGGCGTACGAGCAGTACTTC,46566,3,clonotype13,clonotype13_consensus_1
CGCTTCACATTGGGCC-1,true,CGCTTCACATTGGGCC-1_contig_2,true,480,TRA,TRAV12-1,,TRAJ34,TRAC,true,true,CVVNPTDKLIF,TGTGTGGTGAACCCCACCGACAAGCTCATCTTT,5156,1,clonotype13,clonotype13_consensus_2
CTACATTCAGTCACTA-1,true,CTACATTCAGTCACTA-1_contig_1,true,466,TRB,TRBV28,,TRBJ1-5,TRBC1,true,true,CASSLGLVQPQHF,TGTGCCAGCAGTTTGGGATTGGTTCAGCCCCAGCATTTT,21794,9,clonotype1,clonotype1_consensus_1
CTACATTCAGTCACTA-1,true,CTACATTCAGTCACTA-1_contig_2,true,577,TRA,TRAV19,,TRAJ56,TRAC,true,true,CALSEAHSRTGANSKLTF,TGTGCTCTGAGTGAGGCCCACTCACGAACTGGAGCCAATAGTAAGCTGACATTT,38986,6,clonotype1,clonotype1_consensus_2
CTCACACCAACTGCTA-1,true,CTCACACCAACTGCTA-1_contig_1,true,518,TRB,TRBV6-5,TRBD1,TRBJ2-5,TRBC2,true,true,CASSYQGQGQETQYF,TGTGCCAGCAGTTACCAAGGACAGGGGCAAGAGACCCAGTACTTC,55582,13,clonotype28,clonotype28_consensus_1
CTCCTAGAGTCTTGCA-1,true,CTCCTAGAGTCTTGCA-1_contig_1,true,466,TRB,TRBV28,,TRBJ1-5,TRBC1,true,true,CASSLGLVQPQHF,TGTGCCAGCAGTTTGGGATTGGTTCAGCCCCAGCATTTT,33996,7,clonotype1,clonotype1_consensus_1
CTCCTAGAGTCTTGCA-1,true,CTCCTAGAGTCTTGCA-1_contig_2,true,568,TRA,TRAV19,,TRAJ56,TRAC,true,true,CALSEAHSRTGANSKLTF,TGTGCTCTGAGTGAGGCCCACTCACGAACTGGAGCCAATAGTAAGCTGACATTT,5294,9,clonotype1,clonotype1_consensus_2
CTCGAGGCACGAGGTA-1,true,CTCGAGGCACGAGGTA-1_contig_1,true,489,TRA,TRAV9-2,,TRAJ49,TRAC,true,true,CALTLTGNQFYF,TGTGCTCTGACCCTAACCGGTAACCAGTTCTATTTT,21958,3,clonotype6,clonotype6_consensus_2
CTCGAGGCACGAGGTA-1,true,CTCGAGGCACGAGGTA-1_contig_2,true,656,TRB,TRBV5-4,TRBD1,TRBJ2-3,TRBC2,true,true,CASSLGAGGPADTQYF,TGTGCCAGCAGCTTGGGAGCGGGGGGGCCGGCAGATACGCAGTATTTT,55960,10,clonotype6,clonotype6_consensus_1
CTCTGGTAGAGAGCTC-1,true,CTCTGGTAGAGAGCTC-1_contig_1,true,517,TRA,TRAV29/DV5,,TRAJ52,TRAC,true,true,CAASDWGTSYGKLTF,TGTGCAGCAAGCGACTGGGGTACTAGCTATGGAAAGCTGACATTT,42878,5,clonotype40,clonotype40_consensus_2
CTCTGGTAGAGAGCTC-1,true,CTCTGGTAGAGAGCTC-1_contig_2,true,491,TRB,TRBV24-1,,TRBJ2-3,TRBC2,true,true,CATSDLASGSRDTQYF,TGTGCCACCAGTGATTTGGCTAGCGGGAGTAGGGATACGCAGTATTTT,30200,7,clonotype40,clonotype40_consensus_1
CTGGTCTCAGTCCTTC-1,true,CTGGTCTCAGTCCTTC-1_contig_1,true,588,TRB,TRBV7-9,,TRBJ2-3,TRBC2,true,true,CASSPGLAGSRTDTQYF,TGTGCCAGCAGCCCGGGACTAGCGGGGTCTCGCACAGATACGCAGTATTTT,56016,17,clonotype46,clonotype46_consensus_1
CTGGTCTCAGTCCTTC-1,true,CTGGTCTCAGTCCTTC-1_contig_2,true,444,TRA,TRAV2,,TRAJ23,TRAC,true,true,CAVEGGKLIF,TGTGCTGTGGAAGGGGGAAAGCTTATCTTC,16504,4,clonotype46,clonotype46_consensus_2
CTGGTCTGTGGCGAAT-1,true,CTGGTCTGTGGCGAAT-1_contig_1,true,629,TRB,TRBV19,TRBD1,TRBJ1-1,TRBC1,true,true,CASRTGGSTEAFF,TGTGCCAGTAGGACAGGGGGCTCCACTGAAGCTTTCTTT,55534,7,clonotype10,clonotype10_consensus_1
CTTCTCTAGGGTGTTG-1,true,CTTCTCTAGGGTGTTG-1_contig_1,true,515,TRB,TRBV6-5,,TRBJ1-2,TRBC1,true,true,CASSRILGSYGYTF,TGTGCCAGCAGCCGCATCTTAGGGTCTTATGGCTACACCTTC,51824,5,clonotype21,clonotype21_consensus_1
CTTCTCTAGGGTGTTG-1,true,CTTCTCTAGGGTGTTG-1_contig_2,true,541,TRA,TRAV12-2,,TRAJ53,TRAC,true,true,CAVNDSNYKLTF,TGTGCCGTGAACGACAGCAACTATAAACTGACATTT,16998,4,clonotype21,clonotype21_consensus_2
CTTTGCGAGGGATACC-1,true,CTTTGCGAGGGATACC-1_contig_1,true,468,TRB,TRBV28,,TRBJ1-1,TRBC1,true,true,CASSLGTVNTEAFF,TGTGCCAGCAGTTTAGGGACGGTGAACACTGAAGCTTTCTTT,38076,6,clonotype3,clonotype3_consensus_1
CTTTGCGAGGGATACC-1,true,CTTTGCGAGGGATACC-1_contig_2,true,568,TRA,TRAV19,,TRAJ48,TRAC,true,true,CALSEADFGNEKLTF,TGTGCTCTGAGTGAGGCGGACTTTGGAAATGAGAAATTAACCTTT,26232,4,clonotype3,clonotype3_consensus_2
GAACCTATCTGGAGCC-1,true,GAACCTATCTGGAGCC-1_contig_1,true,529,TRA,TRAV14/DV4,,TRAJ44,TRAC,true,true,CAMREVNTGTASKLTF,TGTGCAATGAGAGAGGTAAATACCGGCACTGCCAGTAAACTCACCTTT,22028,4,clonotype51,clonotype51_consensus_2
GAACCTATCTGGAGCC-1,true,GAACCTATCTGGAGCC-1_contig_2,true,523,TRB,TRBV12-4,,TRBJ1-1,TRBC1,true,true,CASSLFNSAQSMNTEAFF,TGTGCCAGCAGCTTATTTAATTCGGCGCAGTCAATGAACACTGAAGCTTTCTTT,55092,9,clonotype51,clonotype51_consensus_1
GAAGCAGTCCCATTTA-1,true,GAAGCAGTCCCATTTA-1_contig_1,true,506,TRB,TRBV6-1,,TRBJ2-7,TRBC2,true,true,CASSEGGTRYEQYF,TGTGCCAGCAGTGAAGGCGGGACGCGCTACGAGCAGTACTTC,44696,3,clonotype15,clonotype15_consensus_1
GAATAAGAGCGATGAC-1,true,GAATAAGAGCGATGAC-1_contig_1,true,540,TRB,TRBV28,,TRBJ1-5,TRBC1,true,true,CASSLGLVQPQHF,TGTGCCAGCAGTTTGGGATTGGTTCAGCCCCAGCATTTT,57988,10,clonotype1,clonotype1_consensus_1
GAATAAGAGCGATGAC-1,true,GAATAAGAGCGATGAC-1_contig_2,true,577,TRA,TRAV19,,TRAJ56,TRAC,true,true,CALSEAHSRTGANSKLTF,TGTGCTCTGAGTGAGGCCCACTCACGAACTGGAGCCAATAGTAAGCTGACATTT,9166,1,clonotype1,clonotype1_consensus_2
GACGTTACATGTTGAC-1,true,GACGTTACATGTTGAC-1_contig_1,true,540,TRB,TRBV30,,TRBJ2-1,TRBC2,true,true,CAWSVQSGGHEQFF,TGTGCCTGGAGTGTACAATCAGGGGGCCATGAGCAGTTCTTC,64688,15,clonotype9,clonotype9_consensus_1
GACGTTACATGTTGAC-1,true,GACGTTACATGTTGAC-1_contig_2,true,459,TRA,TRAV13-1,,TRAJ7,TRAC,true,true,CAASIGGNNRLAF,TGTGCAGCAAGTATCGGAGGGAACAACAGACTCGCTTTT,7012,2,clonotype9,clonotype9_consensus_2
GATCGATGTAATCGTC-1,true,GATCGATGTAATCGTC-1_contig_1,true,484,TRB,TRBV6-2,,TRBJ2-5,TRBC2,true,true,CASLAGRQETQYF,TGTGCCAGTTTAGCGGGGCGGCAAGAGACCCAGTACTTC,35364,4,clonotype11,clonotype11_consensus_1
GCAGCCAGTTACGGAG-1,true,GCAGCCAGTTACGGAG-1_contig_1,true,533,TRB,TRBV7-9,,TRBJ1-2,TRBC1,true,true,CASSSRVVDGYTF,TGTGCCAGCAGCTCCAGGGTAGTGGATGGCTACACCTTC,58448,13,clonotype17,clonotype17_consensus_1
GCATGATAGATGTAAC-1,true,GCATGATAGATGTAAC-1_contig_1,true,546,TRA,TRAV39,,TRAJ15,TRAC,true,true,CAVDTYQAGTALIF,TGTGCCGTGGACACCTACCAGGCAGGAACTGCTCTGATCTTT,11190,2,clonotype4,clonotype4_consensus_2
GCATGATAGATGTAAC-1,true,GCATGATAGATGTAAC-1_contig_2,true,523,TRB,TRBV28,,TRBJ2-1,TRBC2,true,true,CASSSVYNEQFF,TGTGCCAGCAGTTCCGTTTACAATGAGCAGTTCTTC,42158,10,clonotype4,clonotype4_consensus_1
GCATGCGTCCGTCAAA-1,true,GCATGCGTCCGTCAAA-1_contig_1,true,573,TRA,TRAV8-4,,TRAJ8,TRAC,true,true,CAVSERNTGFQKLVF,TGTGCTGTGAGTGAAAGGAACACAGGCTTTCAGAAACTTGTATTT,29624,12,clonotype49,clonotype49_consensus_3
GCATGCGTCCGTCAAA-1,true,GCATGCGTCCGTCAAA-1_contig_2,true,484,TRB,TRBV11-2,,TRBJ1-4,TRBC1,true,true,CASSSTLMSQGGEKLFF,TGTGCCAGCAGCTCAACCCTCATGTCCCAGGGCGGTGAAAAACTGTTTTTT,30072,11,clonotype49,clonotype49_consensus_1
GCATGCGTCCGTCAAA-1,true,GCATGCGTCCGTCAAA-1_contig_3,true,459,TRA,TRAV2,,TRAJ30,TRAC,true,true,CAVPEGMNRDDKIIF,TGTGCTGTGCCGGAGGGGATGAACAGAGATGACAAGATCATCTTT,14686,4,clonotype49,clonotype49_consensus_2
GCCAAATCATCAGTCA-1,true,GCCAAATCATCAGTCA-1_contig_1,true,546,TRA,TRAV19,,TRAJ56,TRAC,true,true,CALSEAHSRTGANSKLTF,TGTGCTCTGAGTGAGGCCCACTCACGAACTGGAGCCAATAGTAAGCTGACATTT,20226,5,clonotype1,clonotype1_consensus_2
GCCAAATCATCAGTCA-1,true,GCCAAATCATCAGTCA-1_contig_2,true,466,TRB,TRBV28,,TRBJ1-5,TRBC1,true,true,CASSLGLVQPQHF,TGTGCCAGCAGTTTGGGATTGGTTCAGCCCCAGCATTTT,33728,7,clonotype1,clonotype1_consensus_1
GCGAGAAGTCCATGAT-1,true,GCGAGAAGTCCATGAT-1_contig_1,true,656,TRB,TRBV5-4,TRBD1,TRBJ2-3,TRBC2,true,true,CASSLGAGGPADTQYF,TGTGCCAGCAGCTTGGGAGCGGGGGGGCCGGCAGATACGCAGTATTTT,57852,11,clonotype6,clonotype6_consensus_1
GCGAGAAGTCCATGAT-1,true,GCGAGAAGTCCATGAT-1_contig_2,true,461,TRA,TRAV9-2,,TRAJ49,TRAC,true,true,CALTLTGNQFYF,TGTGCTCTGACCCTAACCGGTAACCAGTTCTATTTT,9004,1,clonotype6,clonotype6_consensus_2
GCGAGAAGTCCATGAT-1,true,GCGAGAAGTCCATGAT-1_contig_3,true,489,TRA,TRAV9-2,,TRAJ49,TRAC,true,true,CAPKDTGNQFYF,TGTGCCCCGAAAGACACCGGTAACCAGTTCTATTTT,9246,1,clonotype6,clonotype6_consensus_3
GCGCAACGTACTCAAC-1,true,GCGCAACGTACTCAAC-1_contig_1,true,568,TRB,TRBV7-9,,TRBJ1-2,TRBC1,true,true,CASSLGQSLNYGYTF,TGTGCCAGCAGCTTAGGACAATCCCTAAACTATGGCTACACCTTC,22412,5,clonotype36,clonotype36_consensus_1
GCGCCAACATCGTCGG-1,true,GCGCCAACATCGTCGG-1_contig_1,true,493,TRB,TRBV5-1,,TRBJ1-2,TRBC1,true,true,CASSLEIAGGGSYGYTF,TGCGCCAGCAGCTTGGAGATAGCAGGGGGCGGTTCGTATGGCTACACCTTC,63352,3,clonotype43,clonotype43_consensus_1
GCGCCAACATCGTCGG-1,true,GCGCCAACATCGTCGG-1_contig_2,true,494,TRA,TRAV4,,TRAJ30,TRAC,true,true,CLVGDRDRDDKIIF,TGCCTCGTGGGTGACCGGGACAGAGATGACAAGATCATCTTT,13126,1,clonotype43,clonotype43_consensus_2
GCTTCCACAGCTGTAT-1,true,GCTTCCACAGCTGTAT-1_contig_1,true,468,TRB,TRBV28,,TRBJ1-1,TRBC1,true,true,CASSLGTVNTEAFF,TGTGCCAGCAGTTTAGGGACGGTGAACACTGAAGCTTTCTTT,41674,10,clonotype3,clonotype3_consensus_1
GCTTCCACAGCTGTAT-1,true,GCTTCCACAGCTGTAT-1_contig_2,true,568,TRA,TRAV19,,TRAJ48,TRAC,true,true,CALSEADFGNEKLTF,TGTGCTCTGAGTGAGGCGGACTTTGGAAATGAGAAATTAACCTTT,25246,9,clonotype3,clonotype3_consensus_2
GGAACTTAGTATCGAA-1,true,GGAACTTAGTATCGAA-1_contig_1,true,499,TRB,TRBV3-1,,TRBJ2-2,TRBC2,true,true,CASSQRAGAGGELFF,TGTGCCAGCAGCCAGAGAGCGGGGGCGGGCGGGGAGCTGTTTTTT,41068,5,clonotype2,clonotype2_consensus_2
GGGTCTGGTACGAAAT-1,true,GGGTCTGGTACGAAAT-1_contig_1,true,577,TRA,TRAV19,,TRAJ56,TRAC,true,true,CALSEAHSRTGANSKLTF,TGTGCTCTGAGTGAGGCCCACTCACGAACTGGAGCCAATAGTAAGCTGACATTT,32472,5,clonotype1,clonotype1_consensus_2
GGGTCTGGTACGAAAT-1,true,GGGTCTGGTACGAAAT-1_contig_2,true,466,TRB,TRBV28,,TRBJ1-5,TRBC1,true,true,CASSLGLVQPQHF,TGTGCCAGCAGTTTGGGATTGGTTCAGCCCCAGCATTTT,40186,9,clonotype1,clonotype1_consensus_1
GTACTTTCATTGGTAC-1,true,GTACTTTCATTGGTAC-1_contig_1,true,577,TRA,TRAV19,,TRAJ56,TRAC,true,true,CALSEAHSRTGANSKLTF,TGTGCTCTGAGTGAGGCCCACTCACGAACTGGAGCCAATAGTAAGCTGACATTT,46968,11,clonotype1,clonotype1_consensus_2
GTACTTTCATTGGTAC-1,true,GTACTTTCATTGGTAC-1_contig_2,true,486,TRB,TRBV28,,TRBJ1-5,TRBC1,true,true,CASSLGLVQPQHF,TGTGCCAGCAGTTTGGGATTGGTTCAGCCCCAGCATTTT,14374,10,clonotype1,clonotype1_consensus_1
GTAGTCAAGTGGTAAT-1,true,GTAGTCAAGTGGTAAT-1_contig_1,true,660,TRB,TRBV19,,TRBJ2-1,TRBC2,true,true,CASSIDRSSYNEQFF,TGTGCCAGTAGTATAGACCGTAGCTCCTACAATGAGCAGTTCTTC,40482,9,clonotype27,clonotype27_consensus_1
GTCATTTTCTCTGTCG-1,true,GTCATTTTCTCTGTCG-1_contig_1,true,542,TRB,TRBV7-8,,TRBJ1-2,TRBC1,true,true,CASSFGQGGGGGYTF,TGTGCCAGCAGCTTCGGACAGGGCGGCGGGGGTGGCTACACCTTC,58204,22,clonotype39,clonotype39_consensus_1
GTCATTTTCTCTGTCG-1,true,GTCATTTTCTCTGTCG-1_contig_2,true,627,TRA,TRAV3,,TRAJ29,TRAC,true,true,CAVRGPSSNSGNTPLVF,TGTGCTGTGAGAGGCCCCTCCTCGAATTCAGGAAACACACCTCTTGTCTTT,16314,7,clonotype39,clonotype39_consensus_2
GTCTCGTAGTAGCCGA-1,true,GTCTCGTAGTAGCCGA-1_contig_1,true,466,TRB,TRBV28,,TRBJ1-5,TRBC1,true,true,CASSLGLVQPQHF,TGTGCCAGCAGTTTGGGATTGGTTCAGCCCCAGCATTTT,62048,10,clonotype1,clonotype1_consensus_1
GTCTCGTAGTAGCCGA-1,true,GTCTCGTAGTAGCCGA-1_contig_2,true,577,TRA,TRAV19,,TRAJ56,TRAC,true,true,CALSEAHSRTGANSKLTF,TGTGCTCTGAGTGAGGCCCACTCACGAACTGGAGCCAATAGTAAGCTGACATTT,9950,5,clonotype1,clonotype1_consensus_2
GTCTTCGGTTTCGCTC-1,true,GTCTTCGGTTTCGCTC-1_contig_1,true,577,TRA,TRAV19,,TRAJ56,TRAC,true,true,CALSEAHSRTGANSKLTF,TGTGCTCTGAGTGAGGCCCACTCACGAACTGGAGCCAATAGTAAGCTGACATTT,33108,6,clonotype1,clonotype1_consensus_2
GTCTTCGGTTTCGCTC-1,true,GTCTTCGGTTTCGCTC-1_contig_2,true,478,TRB,TRBV28,,TRBJ1-5,TRBC1,true,true,CASSLGLVQPQHF,TGTGCCAGCAGTTTGGGATTGGTTCAGCCCCAGCATTTT,38984,6,clonotype1,clonotype1_consensus_1
GTGCAGCAGTCCCACG-1,true,GTGCAGCAGTCCCACG-1_contig_1,true,499,TRB,TRBV3-1,,TRBJ2-2,TRBC2,true,true,CASSQRAGAGGELFF,TGTGCCAGCAGCCAGAGAGCGGGGGCGGGCGGGGAGCTGTTTTTT,32368,5,clonotype2,clonotype2_consensus_2
GTGCAGCAGTCCCACG-1,true,GTGCAGCAGTCCCACG-1_contig_2,true,578,TRA,TRAV8-3,,TRAJ43,TRAC,true,true,CAVGALNNNDMRF,TGTGCTGTGGGCGCCCTAAATAACAATGACATGCGCTTT,17472,2,clonotype2,clonotype2_consensus_3
TACTCGCCACCTTGTC-1,true,TACTCGCCACCTTGTC-1_contig_1,true,689,TRA,TRAV8-3,,TRAJ10,TRAC,true,true,CAVAVTGGGNKLTF,TGTGCTGTGGCTGTCACGGGAGGAGGAAACAAACTCACCTTT,72550,6,clonotype29,clonotype29_consensus_1
TAGACCAAGCCAGGAT-1,true,TAGACCAAGCCAGGAT-1_contig_1,true,659,TRA,TRAV8-6,,TRAJ53,TRAC,true,true,CAVSGGSNYKLTF,TGTGCTGTGAGTGGAGGTAGCAACTATAAACTGACATTT,24772,4,clonotype16,clonotype16_consensus_1
TAGACCAGTCTCCACT-1,true,TAGACCAGTCTCCACT-1_contig_1,true,515,TRA,TRAV13-2,,TRAJ28,TRAC,true,true,CAENIKGAGSYQLTF,TGTGCAGAGAATATAAAGGGGGCTGGGAGTTACCAACTCACTTTC,31044,6,clonotype34,clonotype34_consensus_2
TAGACCAGTCTCCACT-1,true,TAGACCAGTCTCCACT-1_contig_2,true,472,TRB,TRBV28,,TRBJ1-1,,true,true,CASSPGGTMNTEAFF,TGTGCCAGCAGTCCGGGGGGAACTATGAACACTGAAGCTTTCTTT,34694,7,clonotype34,clonotype34_consensus_1
TCAATCTCACGCTTTC-1,true,TCAATCTCACGCTTTC-1_contig_1,true,505,TRA,TRAV6,,TRAJ3,TRAC,true,true,CALQYSASKIIF,TGTGCTCTACAGTACAGTGCTTCCAAGATAATCTTT,12824,4,clonotype41,clonotype41_consensus_2
TCAATCTCACGCTTTC-1,true,TCAATCTCACGCTTTC-1_contig_2,true,663,TRB,TRBV19,,TRBJ2-2,TRBC2,true,true,CASNPPAGEVTGELFF,TGTGCCAGTAATCCCCCGGCGGGGGAGGTCACCGGGGAGCTGTTTTTT,53370,16,clonotype41,clonotype41_consensus_1
TCACGAAGTAAGTGTA-1,true,TCACGAAGTAAGTGTA-1_contig_1,true,499,TRB,TRBV7-2,TRBD1,TRBJ1-5,TRBC1,true,true,CASSPAQGAQPQHF,TGTGCCAGCAGCCCAGCTCAGGGGGCTCAGCCCCAGCATTTT,73740,17,clonotype30,clonotype30_consensus_1
TCAGGTATCTGAGTGT-1,true,TCAGGTATCTGAGTGT-1_contig_1,true,577,TRA,TRAV19,,TRAJ56,TRAC,true,true,CALSEAHSRTGANSKLTF,TGTGCTCTGAGTGAGGCCCACTCACGAACTGGAGCCAATAGTAAGCTGACATTT,30402,4,clonotype1,clonotype1_consensus_2
TCAGGTATCTGAGTGT-1,true,TCAGGTATCTGAGTGT-1_contig_2,true,468,TRB,TRBV28,,TRBJ1-5,TRBC1,true,true,CASSLGLVQPQHF,TGTGCCAGCAGTTTGGGATTGGTTCAGCCCCAGCATTTT,33282,8,clonotype1,clonotype1_consensus_1
TCCACACCAAACGTGG-1,true,TCCACACCAAACGTGG-1_contig_1,true,458,TRB,TRBV28,,TRBJ2-1,TRBC2,true,true,CASSSVYNEQFF,TGTGCCAGCAGTTCCGTTTACAATGAGCAGTTCTTC,74548,8,clonotype4,clonotype4_consensus_1
TCGTAGACATGCCTAA-1,true,TCGTAGACATGCCTAA-1_contig_1,true,573,TRA,TRAV8-4,,TRAJ53,TRAC,true,true,CAVSNSGGSNYKLTF,TGTGCTGTGAGTAACAGTGGAGGTAGCAACTATAAACTGACATTT,27998,12,clonotype14,clonotype14_consensus_2
TCGTAGACATGCCTAA-1,true,TCGTAGACATGCCTAA-1_contig_2,true,542,TRB,TRBV11-2,,TRBJ1-1,TRBC1,true,true,CASGGQINEAFF,TGTGCCAGCGGGGGACAGATCAATGAAGCTTTCTTT,44550,16,clonotype14,clonotype14_consensus_1
TCTCTAACAGACGCAA-1,true,TCTCTAACAGACGCAA-1_contig_1,true,568,TRA,TRAV19,,TRAJ48,TRAC,true,true,CALSEADFGNEKLTF,TGTGCTCTGAGTGAGGCGGACTTTGGAAATGAGAAATTAACCTTT,22510,4,clonotype3,clonotype3_consensus_2
TCTCTAACAGACGCAA-1,true,TCTCTAACAGACGCAA-1_contig_2,true,469,TRB,TRBV28,,TRBJ1-1,TRBC1,true,true,CASSLGTVNTEAFF,TGTGCCAGCAGTTTAGGGACGGTGAACACTGAAGCTTTCTTT,38202,7,clonotype3,clonotype3_consensus_1
TGACGGCCAAAGGAAG-1,true,TGACGGCCAAAGGAAG-1_contig_1,true,511,TRB,TRBV7-3,,TRBJ2-6,TRBC2,true,true,CASSLTVWRSGANVLTF,TGTGCCAGCAGCTTAACGGTCTGGAGATCCGGGGCCAACGTCCTGACTTTC,66232,9,clonotype48,clonotype48_consensus_1
TGACGGCCAAAGGAAG-1,true,TGACGGCCAAAGGAAG-1_contig_2,true,493,TRA,TRAV13-2,,TRAJ6,TRAC,true,true,CAENIGRSYIPTF,TGTGCAGAGAATATTGGCAGAAGCTACATACCTACATTT,9522,4,clonotype48,clonotype48_consensus_2
TGACTAGAGCTAGCCC-1,true,TGACTAGAGCTAGCCC-1_contig_1,true,466,TRB,TRBV28,,TRBJ1-5,TRBC1,true,true,CASSLGLVQPQHF,TGTGCCAGCAGTTTGGGATTGGTTCAGCCCCAGCATTTT,31686,2,clonotype1,clonotype1_consensus_1
TGACTAGAGCTAGCCC-1,true,TGACTAGAGCTAGCCC-1_contig_2,true,577,TRA,TRAV19,,TRAJ56,TRAC,true,true,CALSEAHSRTGANSKLTF,TGTGCTCTGAGTGAGGCCCACTCACGAACTGGAGCCAATAGTAAGCTGACATTT,29398,2,clonotype1,clonotype1_consensus_2
TGACTTTGTTGTCTTT-1,true,TGACTTTGTTGTCTTT-1_contig_1,true,577,TRA,TRAV19,,TRAJ56,TRAC,true,true,CALSEAHSRTGANSKLTF,TGTGCTCTGAGTGAGGCCCACTCACGAACTGGAGCCAATAGTAAGCTGACATTT,11670,9,clonotype1,clonotype1_consensus_2
TGACTTTGTTGTCTTT-1,true,TGACTTTGTTGTCTTT-1_contig_2,true,463,TRB,TRBV28,,TRBJ1-5,TRBC1,true,true,CASSLGLVQPQHF,TGTGCCAGCAGTTTGGGATTGGTTCAGCCCCAGCATTTT,55454,15,clonotype1,clonotype1_consensus_1
TGCCCATAGTAATCCC-1,true,TGCCCATAGTAATCCC-1_contig_1,true,738,TRA,TRAV8-3,,TRAJ43,TRAC,true,true,CAVGALNNNDMRF,TGTGCTGTGGGCGCCCTAAATAACAATGACATGCGCTTT,38328,13,clonotype2,clonotype2_consensus_3
TGCTGCTTCTGATTCT-1,true,TGCTGCTTCTGATTCT-1_contig_1,true,466,TRB,TRBV28,,TRBJ1-5,TRBC1,true,true,CASSLGLVQPQHF,TGTGCCAGCAGTTTGGGATTGGTTCAGCCCCAGCATTTT,30348,7,clonotype1,clonotype1_consensus_1
TGCTGCTTCTGATTCT-1,true,TGCTGCTTCTGATTCT-1_contig_2,true,577,TRA,TRAV19,,TRAJ56,TRAC,true,true,CALSEAHSRTGANSKLTF,TGTGCTCTGAGTGAGGCCCACTCACGAACTGGAGCCAATAGTAAGCTGACATTT,39468,6,clonotype1,clonotype1_consensus_2
TGGGAAGTCGTCCGTT-1,true,TGGGAAGTCGTCCGTT-1_contig_1,true,601,TRA,TRAV5,,TRAJ47,TRAC,true,true,CAESSGNKLVF,TGTGCAGAGAGTAGTGGAAACAAGCTGGTCTTT,37038,4,clonotype20,clonotype20_consensus_2
TGGGAAGTCGTCCGTT-1,true,TGGGAAGTCGTCCGTT-1_contig_2,true,511,TRB,TRBV12-3,,TRBJ1-5,TRBC1,true,true,CASIGPSGGPQHF,TGTGCCAGCATTGGGCCCTCCGGTGGGCCCCAGCATTTT,39876,3,clonotype20,clonotype20_consensus_1
TGTGTTTCAACGCACC-1,true,TGTGTTTCAACGCACC-1_contig_1,true,677,TRA,TRAV8-3,,TRAJ43,TRAC,true,true,CAVGALNNNDMRF,TGTGCTGTGGGCGCCCTAAATAACAATGACATGCGCTTT,32062,6,clonotype2,clonotype2_consensus_3
TGTGTTTCAACGCACC-1,true,TGTGTTTCAACGCACC-1_contig_2,true,486,TRB,TRBV3-1,,TRBJ2-2,TRBC2,true,true,CASSQRAGAGGELFF,TGTGCCAGCAGCCAGAGAGCGGGGGCGGGCGGGGAGCTGTTTTTT,21176,3,clonotype2,clonotype2_consensus_2
TTCTTAGCATGTCTCC-1,true,TTCTTAGCATGTCTCC-1_contig_1,true,552,TRB,TRBV7-9,TRBD1,TRBJ2-6,TRBC2,true,true,CASSLGQGGSLWANVLTF,TGTGCCAGCAGCCTCGGACAGGGGGGATCTCTTTGGGCCAACGTCCTGACTTTC,70696,13,clonotype50,clonotype50_consensus_1
TTGGAACTCTGACCTC-1,true,TTGGAACTCTGACCTC-1_contig_1,true,498,TRB,TRBV20-1,,TRBJ2-3,TRBC2,true,true,CSARDPRLEGKQYF,TGCAGTGCTAGGGACCCTAGGTTAGAGGGGAAGCAGTATTTT,40246,4,clonotype7,clonotype7_consensus_1
TTGGAACTCTGACCTC-1,true,TTGGAACTCTGACCTC-1_contig_2,true,505,TRA,TRAV1-2,,TRAJ33,TRAC,true,true,CAATDSNYQLIW,TGTGCTGCGACCGATAGCAACTATCAGTTAATCTGG,27412,3,clonotype7,clonotype7_consensus_2
TTTATGCTCATAACCG-1,true,TTTATGCTCATAACCG-1_contig_1,true,568,TRA,TRAV19,,TRAJ48,TRAC,true,true,CALSEAGFGNEKLTF,TGTGCTCTGAGTGAGGCGGGCTTTGGAAATGAGAAATTAACCTTT,35436,4,clonotype5,clonotype5_consensus_2
TTTATGCTCATAACCG-1,true,TTTATGCTCATAACCG-1_contig_2,true,495,TRB,TRBV6-5,TRBD1,TRBJ2-1,TRBC2,true,true,CASGTGVNEQFF,TGTGCCAGCGGGACAGGGGTAAATGAGCAGTTCTTC,30366,8,clonotype5,clonotype5_consensus_1
